﻿<language>
  <!-- Chung -->
  <data name="tenhethong">Law documents search system</data>

  <!-- Topbar -->
  <data name="luat">Law/Bill of law</data>

  <data name="nghidinh">Decree</data>
    <data name="congvan">Official document</data>
<data name="quyetdinh">Decision</data>
<data name="thongtu">Circulars</data>
<data name="vanbankhac">Other documents</data>
<data name="lienhe">Contact</data>
<data name="phongnhansu">Human resources</data>
  <data name="hoidap">Q-A </data>
<data name="motahethong">Law documents search system</data>
<data name="cotatca">Found</data>
<data name="ketquachodanhmuc">results for</data>
  <data name="tang">26th Floor</data>
  <data name="vanbanmoi">New document</data>
  <data name="vanbanduocquantam">Interested document</data>
  <data name="xemthem">See more</data>
  <data name="admin">Admin</data>
  <data name="baiviet">Bài viết</data>
  <data name="gioithieu">Introduction</data>
  <data name="dienthoai">Extension number</data>
  <data name="email">Email</data>
  <data name="danhsachthanhvien">Person in charge</data>
  <data name="xemnhieunhat">Most view</data>

  <data name="stt">STT</data>
<data name="khongcovanbantiengnhat">Không có văn bản tiếng Việt</data>
  <data name="danh sach admin">Admin list</data>


  <data name="timduoc">Found</data>
 <data name="ketquacho">results for</data>
 <data name="vuilongnhaptukhoa">Please enter keyword</data>
  <data name="kyhieu">Number of document</data>
 
  <data name="coquanbanhanh">Promulgator</data>

  <data name="ngaybanhanh">Issue date</data>
  <data name="ngaycohieuluc">Effective date</data>
  <data name="trangthai">Status</data>
 
  <data name="conhieuluc">still validated</data>

  <data name="hethieuluc">expire</data>
  <data name="vanbanhuongdan">Guidelines</data>
  <data name="vanbansuadoi">Revised document</data>
  <data name="vanbanbaibo">Canceled document</data>
  <data name="noidunglienquan">related content</data>
  <data name="khongcovanbanhuongdan">No guidelines</data>
  <data name="khongcovanbanbaibo">No canceled documents</data>
  <data name="khongcovanbansuadoi">No amendments</data>
  <data name="khongconoidunglienquan">No related content</data>

  <data name="baivietkhongtontaihoackhongconoidung">This article has no content</data>
  <data name="khongcoketquaphuhop">No results</data>
  <data name="mucluc">See table of contents</data>
  
  <!-- Trang chu -->
  <data name="luatlienquantoilaodong">LABOR-RELATES LAWS</data>
  
  <data name="mangphutrach">Major</data>
  <data name="ketqua">result(s)</data>
</language>