﻿<language>
  <!-- Chung -->
  <data name="tenhethong">労働法律システム</data>
  <data name="tang">Tầng 26</data>
  <!-- Topbar -->
  <data name="luat">法律</data>

  <data name="nghidinh">政令</data>
    <data name="congvan">文章</data>
<data name="quyetdinh">決定</data>
<data name="thongtu">回章</data>
<data name="vanbankhac">他の文章</data>
<data name="lienhe">連絡</data>
<data name="phongnhansu">人事</data>
  <data name="hoidap">Q-A </data>
<data name="motahethong">労働法律システム</data>
<data name="cotatca"></data>
<data name="ketquachodanhmuc">の結果</data>

  <data name="vanbanmoi">新規</data>
  <data name="vanbanduocquantam">興味のある文章</data>
  <data name="xemthem">続き見る</data>
  <data name="admin">アドミニ</data>
  <data name="baiviet">Bài viết</data>
  <data name="gioithieu">導入</data>
  <data name="dienthoai">内線番号</data>
  <data name="email">メール</data>
  <data name="danhsachthanhvien">担当者</data>
  <data name="xemnhieunhat">Xem nhiều nhất</data>

  <data name="stt">STT</data>
<data name="khongcovanbantiengnhat">日本語のテキストはありません</data>
  <data name="danh sach admin">ユーザーリスト</data>


  <data name="timduoc"></data>
 <data name="ketquacho">の結果</data>
 <data name="vuilongnhaptukhoa">キーワードをご記入ください</data>
  <data name="kyhieu">番号</data>
 
  <data name="coquanbanhanh">公布する機関</data>

  <data name="ngaybanhanh">発行日</data>
  <data name="ngaycohieuluc">発効日</data>
  <data name="trangthai">状況</data>
 
  <data name="conhieuluc">まだ有効です</data>

  <data name="hethieuluc">法律効果 消滅</data>
  <data name="vanbanhuongdan">説明書無し</data>
  <data name="vanbansuadoi">改定書</data>
  <data name="vanbanbaibo">廃止書</data>
  <data name="noidunglienquan">連関文章</data>
  <data name="khongcovanbanhuongdan">説明書無し</data>
  <data name="khongcovanbanbaibo">キャンセルされる文章無し</data>
  <data name="khongcovanbansuadoi">変更文章無し</data>
  <data name="khongconoidunglienquan">連関内容無し</data>

  <data name="baivietkhongtontaihoackhongconoidung">この記事にはコンテンツがありません</data>
  <data name="khongcoketquaphuhop">結果無し</data>
  <data name="mucluc">目次を見る</data>
  
  <!-- Trang chu -->
  <data name="luatlienquantoilaodong">労働関連法</data>

  <data name="mangphutrach">担当業務</data>
  <data name="ketqua">件</data>
</language>