﻿<language>
  <!-- Chung -->
  <data name="tenhethong">Hệ thống tra cứu văn bản pháp luật</data>

  <!-- Topbar -->
  <data name="luat">Luật</data>
  <data name="tang">Tầng 26</data>
  <data name="nghidinh">Nghị định</data>
    <data name="congvan">Công văn</data>
<data name="quyetdinh">Quyết định</data>
<data name="thongtu">Thông tư</data>
<data name="vanbankhac">Văn bản khác</data>
<data name="lienhe">Liên hệ</data>
<data name="phongnhansu">Phòng nhân sự</data>
  <data name="hoidap">Hỏi đáp</data>
<data name="motahethong">Hệ thống tra cuu văn bản pháp luật.</data>
<data name="cotatca">Có tất cả</data>
<data name="ketquachodanhmuc">kết quả cho danh mục</data>
  <data name="vanbanmoi">Văn bản mới</data>
  <data name="vanbanduocquantam">Văn bản được quan tâm</data>
  <data name="xemthem">Xem Thêm</data>
  <data name="admin">admin</data>
  <data name="baiviet">Bài viết</data>
  <data name="gioithieu">Giới thiệu</data>
  <data name="dienthoai">Số nội bộ</data>
  <data name="email">email</data>
  <data name="danhsachthanhvien">Người phụ trách</data>
  <data name="xemnhieunhat">Xem nhiều nhất</data>
  <data name="hoidap">Hỏi đáp</data>
  <data name="stt">STT</data>
<data name="khongcovanbantiengnhat">Không có văn bản tiếng Việt</data>
  <data name="danh sach admin">Danh sách Admin</data>


  <data name="timduoc">tìm được</data>
 <data name="ketquacho">kết quả cho</data>
 <data name="vuilongnhaptukhoa">vui lòng nhập từ khóa</data>
  <data name="kyhieu">Ký hiệu</data>
 
  <data name="coquanbanhanh">Cơ quan ban hành</data>

  <data name="ngaybanhanh">Ngày ban hành</data>
  <data name="ngaycohieuluc">Ngày có hiệu lực</data>
  <data name="trangthai">Trang thái</data>
 
  <data name="conhieuluc">còn hiệu lực</data>

  <data name="hethieuluc">Hết hiệu lực</data>
  <data name="vanbanhuongdan">Văn bản hướng dẫn</data>
  <data name="vanbansuadoi">Văn bản sửa đổi</data>
  <data name="vanbanbaibo">Văn bản bãi bỏ</data>
  <data name="noidunglienquan">Nội dung liên quan</data>
  <data name="khongcovanbanhuongdan">Không có văn bản hướng dẫn</data>
  <data name="khongcovanbanbaibo">Không có văn bản bãi bỏ</data>
  <data name="khongcovanbansuadoi">Không có văn bản sửa đổi</data>
  <data name="khongconoidunglienquan">Không có nội dung liên quan</data>

  <data name="baivietkhongtontaihoackhongconoidung">Bài viết không tồn tại hoặc không có nội dung</data>
  <data name="khongcoketquaphuhop">Không có kết quả</data>
  <data name="mucluc">Mục lục</data>
  
  <!-- Trang chu -->
  <data name="luatlienquantoilaodong">LUẬT LIÊN QUAN TỚI LAO ĐỘNG</data>

  <data name="mangphutrach">Nghiệp vụ phụ trách</data>
  <data name="ketqua">kết quả</data>
</language>